Country,1990,1991,1992,1993,1994,1995,1996,1997,1998,1999,2000,2001,2002,2003,2004,2005,2006,2007,2008,2009,2010,2011,2012,2013,2014,2015,2016,2017,2018,2019,Total_export
Angola,5040,4260,4800,2340,480,2460,3120,3000,3240,3000,1320,840,540,1020,360,300,300,240,360,420,240,480,480,360,540,660,660,540,540,1380,43320
Bolivia (Plurinational State of),9360,4440,5760,2820,5040,5640,7380,6660,5820,7440,6360,4200,4740,4380,5580,5040,5580,5040,4080,4980,4680,4440,3780,3300,3720,1800,1320,1560,1320,1200,137460
Brazil,1016160,1270980,1127460,1070280,1036380,868080,915060,1008060,1088640,1388940,1080960,1390320,1678920,1542660,1588680,1571880,1642140,1691040,1770600,1822680,1990020,2028360,1712940,1899060,2240100,2253780,2056140,1855500,2138220,2441880,47185920
Burundi,35100,41280,38760,25080,30480,31680,13440,31740,22440,24540,26640,18180,17340,28560,20340,22260,16860,21360,15060,17340,18420,13080,23520,11700,15120,13800,12240,10140,12120,17580,646200
Cameroon,156660,105120,98760,42300,32760,24420,33840,82080,44760,69240,72300,67500,38400,48840,44040,42240,44340,43260,31620,37080,47640,29400,37320,16320,22500,23400,16860,14700,17220,15000,1399920
Central African Republic,11820,8460,6000,8220,8220,13920,5880,12180,6120,11700,12180,5640,5700,2400,3840,2820,1020,7320,1980,3720,5700,4680,4680,60,4500,2580,4800,1080,2340,1140,170700
Colombia,836640,755940,993840,814080,706080,588840,635280,655140,675600,599700,550620,596640,616380,614640,611640,652260,656700,678000,665100,473640,469320,464040,430200,580200,657240,762960,769860,779100,768480,820320,19878480
Congo,120,60,0,60,60,1140,780,180,0,0,0,0,0,0,0,0,0,0,0,0,0,0,0,0,0,0,0,0,0,0,2400
Costa Rica,135960,144000,145860,141840,126300,124020,145800,125940,122700,131700,117900,121080,107040,102120,85440,88800,78600,81840,86400,74160,72000,74580,82440,80640,72540,67680,60420,59220,72480,62340,2991840
CÃ´te d'Ivoire,256980,228300,272760,241980,146640,149640,165060,282780,261900,144360,366600,245700,195180,158820,154380,105240,105060,131760,89400,108420,114720,46320,102720,117720,89340,85080,85920,51300,91320,126240,4721640
Cuba,10920,7260,9780,6960,8160,7320,6720,6420,9120,4620,6780,6540,3420,3000,1500,1440,960,960,240,420,300,600,900,720,780,780,900,900,1980,1320,111720
Democratic Republic of Congo,110340,85080,57240,55200,45660,63060,52920,32640,38400,29220,16860,7980,10740,12720,15180,9480,8280,12000,12180,9660,9720,7920,8760,8400,9060,7680,10260,5340,11280,12300,775560
Dominican Republic,32100,28560,22140,19860,19920,27060,27180,18420,21600,9660,9300,5820,7020,9060,2760,2520,7500,4680,4920,6120,2460,5340,8220,3900,2700,1140,1140,1440,1920,1620,316080
Ecuador,107040,84960,76380,95940,128700,92400,92340,62700,63360,59280,41820,45360,33900,37260,42240,59580,60900,59460,52080,65160,72120,91920,94800,75720,67740,52140,55380,41700,28980,30360,1971720
El Salvador,150600,128880,127200,176820,125580,108420,138840,166320,101040,113400,152220,91980,91980,78240,79680,76800,77580,72600,86280,78540,64920,109560,62640,66180,27720,34560,29760,31620,34260,32760,2716980
Equatorial Guinea,420,180,180,120,60,180,120,60,120,60,0,0,0,0,0,0,0,0,0,0,0,0,0,0,0,0,0,0,0,0,1500
Ethiopia,64440,50460,44040,70020,88500,76560,110280,118800,115020,109080,118920,82560,123300,133740,149460,146100,176160,156240,171120,111060,199440,160500,192180,172200,187020,179100,180060,226380,215340,235260,4163340
Gabon,120,180,60,120,300,180,120,0,120,120,60,120,0,60,0,0,60,0,0,60,60,60,0,0,0,0,0,0,0,0,1800
Ghana,660,960,1920,2820,660,2280,240,1800,1080,5640,5460,3420,1500,1500,1320,1080,540,1320,2160,1440,420,4320,1800,1380,1560,2400,1620,1020,720,600,53640
Guatemala,194400,169920,199680,225060,196440,222060,238740,254640,212520,280860,291120,246600,209460,229260,198600,207960,198720,223560,226680,209580,208080,221820,225000,214500,182580,177660,179460,202980,199620,216780,6464340
Guinea,7320,3660,3480,900,3000,9120,1920,6840,13680,18060,17520,21360,8160,21300,17760,16740,31140,26160,12480,26340,24360,23100,22620,8040,1440,9120,15000,12960,9420,4140,397140
Guyana,0,0,60,0,0,0,0,0,0,60,60,60,60,60,60,60,120,120,120,60,60,60,120,60,780,120,120,60,60,60,2400
Haiti,11460,9060,9960,9540,6180,9120,9360,6060,7620,4320,4380,5220,2460,2220,1920,1500,1440,1260,1020,960,540,540,660,480,180,180,60,120,120,120,108060
Honduras,104100,86640,117600,102300,103080,107760,123600,103320,139740,119220,172740,143520,162660,145500,166740,143520,173880,198720,195540,185040,200940,236820,330480,251100,255120,301800,318360,440460,428640,405900,5964840
India,118740,103620,108960,126120,149760,148020,186180,158400,209220,217320,253740,223800,213000,222420,218820,169740,214680,199140,202620,180420,278820,324840,302640,301980,307860,315720,365160,392520,358020,361680,6933960
Indonesia,414180,370260,276240,339720,276300,236820,386400,345300,335880,306900,321480,314580,257160,287700,327360,404640,316800,248940,344460,474420,329340,235200,492360,555300,370500,502740,392700,491880,272340,380040,10607940
Jamaica,900,1020,1320,1440,960,1560,1620,1800,1020,1440,1740,1680,1560,1500,1740,900,1500,1380,1260,1500,900,960,900,900,600,720,660,600,600,540,35220
Kenya,118140,93480,83040,86340,81480,87000,114120,69540,50460,66840,79680,65760,44160,55200,45240,40380,35820,49020,36480,31500,31860,36540,48180,48900,47940,42720,43620,42600,45180,50160,1771380
Lao People's Democratic Republic,5880,5880,6120,8520,9180,9900,8640,6600,6720,11460,15300,11880,16680,13980,16020,14220,7200,15120,15480,15840,17280,25260,21600,24000,22200,24180,23160,23160,21660,34500,457620
Liberia,1320,0,0,0,0,0,0,0,180,900,240,420,360,420,0,60,0,120,120,540,420,480,180,240,60,240,180,660,480,60,7680
Madagascar,51780,35280,44160,37680,26160,35100,43080,28800,47760,27840,12960,5220,8700,7140,7620,5760,10740,5940,11760,2400,4440,8640,4740,9960,8280,3540,4560,3480,360,240,504120
Malawi,7440,6000,7680,6240,4680,5520,3600,3600,3540,3240,3660,3840,2640,2940,1560,1260,1020,1140,1260,1080,480,1560,1200,1740,1560,1080,1320,780,720,960,83340
Mexico,220980,211860,199920,195840,167340,217560,277980,270120,203940,261480,318240,199980,158700,155760,141720,119100,154200,174720,146880,170280,149880,174420,213360,187920,148800,147480,133980,174660,173280,157620,5628000
Nepal,0,0,0,0,0,0,0,0,0,0,0,0,0,120,60,60,60,120,60,120,60,240,60,60,60,120,120,60,120,60,1560
Nicaragua,40260,23520,38160,28560,37440,40860,49320,42840,56460,59040,82020,81900,57300,60780,78660,60180,86700,75540,97500,82440,102720,88080,119220,99660,114060,105180,117780,146940,138000,177240,2388360
Nigeria,240,60,660,600,480,900,420,420,600,540,420,420,300,540,360,480,1680,540,120,60,180,420,120,60,60,180,60,180,180,120,11400
Panama,7920,7440,7500,7740,4560,10860,8340,7440,8700,7080,4320,3420,4980,5160,5940,5400,6420,6540,6840,3540,3900,3180,3060,2940,3060,3000,3360,3000,2820,3060,161520
Papua New Guinea,63060,47280,55020,63300,69420,60120,65400,62580,80940,79200,62580,65700,63420,68820,62880,72000,50940,54540,65760,61620,55740,73500,55500,48660,48420,42660,67980,47640,52200,47220,1814100
Paraguay,15780,7200,2400,3480,2880,1260,960,2100,1140,180,300,60,1260,1860,1020,1440,1500,1860,60,0,0,0,0,0,0,0,0,0,0,0,46740
Peru,66300,62520,63660,46500,63420,105600,100740,98880,116940,144420,141720,159780,167340,150180,191040,142140,232860,172740,223980,184440,229020,281820,258600,224160,163200,167400,237600,236760,243840,226320,4903920
Philippines,10080,6180,2460,2100,7560,3420,1620,1860,1260,540,300,180,420,720,1740,2040,2280,1920,240,420,360,600,180,360,720,900,780,540,240,420,52440
Rwanda,46740,28440,38700,28860,1800,18840,15900,13080,12840,18840,16200,16740,19800,14700,27000,14160,23340,15360,19560,18240,17760,16620,15060,15240,15360,15780,14640,14760,21000,23340,578700
Sierra Leone,8400,6240,2820,2460,3720,4260,1740,2820,2520,1380,2400,2160,4800,2040,1380,1200,3060,3060,1560,6240,3480,2220,3900,3420,1440,3240,1560,2100,1620,2820,90060
Sri Lanka,1140,1320,900,840,2820,1320,720,1260,1620,1020,120,240,180,360,420,180,420,240,120,60,120,120,0,0,120,0,60,120,120,60,16020
Tanzania,61140,52260,49680,62220,37920,44700,58200,39300,44520,38580,44400,51960,29760,52980,33180,42720,43920,48420,49080,69420,33360,47880,45360,56100,43080,42540,54300,39840,51360,64140,1432320
Thailand,60060,32460,69840,58920,68160,72600,52380,63960,46680,29580,58200,68880,15180,10860,25200,22500,32400,21900,10500,11100,22200,14580,21000,2940,1620,34680,7860,8460,15480,10440,970620
Timor-Leste,0,0,0,0,0,0,0,0,0,0,60,1920,1800,2760,1320,1080,2940,1860,3000,2580,4080,2340,3360,4200,6660,4080,4080,5160,7740,7020,68040
Togo,14340,9300,18780,13080,9960,12000,5100,18780,9960,19260,16980,11580,6000,4320,8940,9840,7080,9300,7260,9120,11880,9300,8820,5460,8040,10680,4500,1620,6660,3480,291420
Trinidad & Tobago,1800,480,120,600,300,240,240,240,300,180,180,180,120,120,120,60,60,60,60,0,60,0,60,120,120,120,120,120,180,120,6480
Uganda,141180,125700,117660,109740,202140,184740,279300,210120,197160,230460,150780,183600,201480,151320,157620,142140,130380,161580,198660,180840,159420,188520,161100,220320,206520,215760,212580,286440,253380,271560,5632200
Venezuela,16680,7680,8160,31500,23160,5820,29700,6300,16080,27840,2280,1560,11520,15600,10200,1320,3900,4200,7500,1080,1140,0,120,360,0,60,0,0,4320,3180,241260
Viet Nam,68700,72060,116280,124320,163260,212760,226740,370680,388020,463620,697080,846360,706260,697860,891540,805920,834300,1076160,966060,1023120,853740,1063020,1375200,1183080,1565820,1316640,1783260,1505520,1883100,1644000,24924480
Yemen,3000,4320,2220,3060,5580,4620,2520,4800,4260,4080,3480,3960,3660,3300,2700,4680,3660,4320,4020,2340,2640,2100,3780,3300,3420,3120,2280,2760,2520,720,101220
Zambia,1440,1740,1860,1380,1440,1260,2160,2340,1980,3060,3900,6900,5940,7800,6240,6360,4680,3240,2880,1980,1080,540,420,600,300,180,600,780,1560,1620,76260
Zimbabwe,15060,14340,9720,4200,1920,9420,9000,6540,9180,7860,7020,6300,7140,5820,6780,4260,3240,1920,1380,1080,420,300,240,120,660,660,720,120,300,360,136080
